Particle,img_name,order
352,352GoodOs7-S1 Camera087712.png,1.0
32,32GoodOs7-S1 Camera182382.png,2.0
112,112GoodOs7-S1 Camera024225.png,3.0
11,11GoodOs7-S1 Camera326019.png,4.0
332,332GoodOs7-S1 Camera023914.png,5.0
286,286GoodOs7-S1 Camera153395.png,6.0
215,215GoodOs7-S1 Camera049125.png,7.0
288,288GoodOs7-S1 Camera307392.png,8.0
296,296GoodOs7-S1 Camera305151.png,9.0
65,65GoodOs7-S1 Camera048006.png,10.0
294,294GoodOs7-S1 Camera287071.png,11.0
51,51GoodOs7-S1 Camera073010.png,12.0
99,99GoodOs7-S1 Camera076043.png,13.0
124,124GoodOs7-S1 Camera066425.png,14.0
216,216GoodOs7-S1 Camera066652.png,15.0
362,362GoodOs7-S1 Camera047238.png,16.0
8,8GoodOs7-S1 Camera131216.png,17.0
82,82GoodOs7-S1 Camera047063.png,18.0
227,227GoodOs7-S1 Camera284663.png,19.0
17,17GoodOs7-S1 Camera329900.png,20.0
300,300GoodOs7-S1 Camera136098.png,21.0
218,218GoodOs7-S1 Camera327790.png,22.0
226,226GoodOs7-S1 Camera064741.png,23.0
345,345GoodOs7-S1 Camera044538.png,24.0
2,2GoodOs7-S1 Camera131535.png,25.0
1,1GoodOs7-S1 Camera047214.png,26.0
46,46GoodOs7-S1 Camera056009.png,27.0
251,251GoodOs7-S1 Camera068021.png,28.0
202,202GoodOs7-S1 Camera026659.png,29.0
5,5GoodOs7-S1 Camera171929.png,30.0
264,264GoodOs7-S1 Camera044595.png,31.0
105,105GoodOs7-S1 Camera023911.png,32.0
273,273GoodOs7-S1 Camera349071.png,33.0
114,114GoodOs7-S1 Camera064832.png,34.0
128,128GoodOs7-S1 Camera046615.png,35.0
125,125GoodOs7-S1 Camera044641.png,36.0
135,135GoodOs7-S1 Camera048577.png,37.0
176,176GoodOs7-S1 Camera023749.png,38.0
84,84GoodOs7-S1 Camera047678.png,39.0
24,24GoodOs7-S1 Camera051075.png,40.0
42,42GoodOs7-S1 Camera045236.png,41.0
10,10GoodOs7-S1 Camera066266.png,42.0
359,359GoodOs7-S1 Camera047501.png,43.0
76,76GoodOs7-S1 Camera305627.png,44.0
326,326GoodOs7-S1 Camera263700.png,45.0
325,325GoodOs7-S1 Camera346666.png,46.0
342,342GoodOs7-S1 Camera048637.png,47.0
104,104GoodOs7-S1 Camera093394.png,48.0
134,134GoodOs7-S1 Camera025563.png,49.0
63,63GoodOs7-S1 Camera093190.png,50.0
130,130GoodOs7-S1 Camera153601.png,51.0
9,9GoodOs7-S1 Camera068387.png,52.0
16,16GoodOs7-S1 Camera325754.png,53.0
155,155GoodOs7-S1 Camera068312.png,54.0
122,122GoodOs7-S1 Camera025008.png,55.0
259,259GoodOs7-S1 Camera327679.png,56.0
367,367GoodOs7-S1 Camera045626.png,57.0
179,179GoodOs7-S1 Camera291219.png,58.0
200,200GoodOs7-S1 Camera050966.png,59.0
174,174GoodOs7-S1 Camera299392.png,60.0
15,15GoodOs7-S1 Camera284347.png,61.0
295,295GoodOs7-S1 Camera305014.png,62.0
283,283GoodOs7-S1 Camera293614.png,63.0
219,219GoodOs7-S1 Camera053555.png,64.0
163,163GoodOs7-S1 Camera311292.png,65.0
188,188GoodOs7-S1 Camera055294.png,66.0
228,228GoodOs7-S1 Camera023563.png,67.0
287,287GoodOs7-S1 Camera045714.png,68.0
303,303GoodOs7-S1 Camera048478.png,69.0
73,73GoodOs7-S1 Camera180313.png,70.0
281,281GoodOs7-S1 Camera176607.png,71.0
341,341GoodOs7-S1 Camera132128.png,72.0
23,23GoodOs7-S1 Camera072210.png,73.0
244,244GoodOs7-S1 Camera284053.png,74.0
328,328GoodOs7-S1 Camera290310.png,75.0
113,113GoodOs7-S1 Camera005966.png,76.0
306,306GoodOs7-S1 Camera352902.png,77.0
305,305GoodOs7-S1 Camera076043.png,78.0
150,150GoodOs7-S1 Camera010994.png,79.0
94,94GoodOs7-S1 Camera133995.png,80.0
170,170GoodOs7-S1 Camera282360.png,81.0
338,338GoodOs7-S1 Camera067690.png,82.0
153,153GoodOs7-S1 Camera291094.png,83.0
274,274GoodOs7-S1 Camera026226.png,84.0
279,279GoodOs7-S1 Camera048407.png,85.0
95,95GoodOs7-S1 Camera305217.png,86.0
229,229GoodOs7-S1 Camera046573.png,87.0
327,327GoodOs7-S1 Camera061484.png,88.0
336,336GoodOs7-S1 Camera265026.png,89.0
191,191GoodOs7-S1 Camera114723.png,90.0
123,123GoodOs7-S1 Camera025720.png,91.0
354,354GoodOs7-S1 Camera114696.png,92.0
154,154GoodOs7-S1 Camera068569.png,93.0
148,148GoodOs7-S1 Camera089215.png,94.0
183,183GoodOs7-S1 Camera109056.png,95.0
256,256GoodOs7-S1 Camera296184.png,96.0
348,348GoodOs7-S1 Camera359018.png,97.0
231,231GoodOs7-S1 Camera047133.png,98.0
212,212GoodOs7-S1 Camera068957.png,99.0
243,243GoodOs7-S1 Camera150054.png,100.0
275,275GoodOs7-S1 Camera026664.png,101.0
339,339GoodOs7-S1 Camera090917.png,102.0
260,260GoodOs7-S1 Camera135005.png,103.0
258,258GoodOs7-S1 Camera069573.png,104.0
312,312GoodOs7-S1 Camera270687.png,105.0
278,278GoodOs7-S1 Camera003198.png,106.0
220,220GoodOs7-S1 Camera332984.png,107.0
263,263GoodOs7-S1 Camera067239.png,108.0
291,291GoodOs7-S1 Camera153568.png,109.0
173,173GoodOs7-S1 Camera353666.png,110.0
211,211GoodOs7-S1 Camera026664.png,111.0
126,126GoodOs7-S1 Camera299595.png,112.0
308,308GoodOs7-S1 Camera327845.png,113.0
268,268GoodOs7-S1 Camera010517.png,114.0
351,351GoodOs7-S1 Camera006085.png,115.0
330,330GoodOs7-S1 Camera172436.png,116.0
158,158GoodOs7-S1 Camera066562.png,117.0
246,246GoodOs7-S1 Camera044584.png,118.0
293,293GoodOs7-S1 Camera088473.png,119.0
314,314GoodOs7-S1 Camera186818.png,120.0
315,315GoodOs7-S1 Camera011000.png,121.0
181,181GoodOs7-S1 Camera105939.png,122.0
270,270GoodOs7-S1 Camera070063.png,123.0
149,149GoodOs7-S1 Camera025929.png,124.0
248,248GoodOs7-S1 Camera285541.png,125.0
178,178GoodOs7-S1 Camera025926.png,126.0
172,172GoodOs7-S1 Camera048267.png,127.0
71,71GoodOs7-S1 Camera018649.png,128.0
240,240GoodOs7-S1 Camera066167.png,129.0
180,180GoodOs7-S1 Camera353412.png,130.0
185,185GoodOs7-S1 Camera011234.png,131.0
252,252GoodOs7-S1 Camera011436.png,132.0
304,304GoodOs7-S1 Camera005760.png,133.0
217,217GoodOs7-S1 Camera157731.png,134.0
353,353GoodOs7-S1 Camera067677.png,135.0
321,321GoodOs7-S1 Camera329316.png,136.0
168,168GoodOs7-S1 Camera338936.png,137.0
262,262GoodOs7-S1 Camera110818.png,138.0
160,160GoodOs7-S1 Camera308712.png,139.0
297,297GoodOs7-S1 Camera292000.png,140.0
309,309GoodOs7-S1 Camera030859.png,141.0
209,209GoodOs7-S1 Camera044875.png,142.0
214,214GoodOs7-S1 Camera068569.png,143.0
331,331GoodOs7-S1 Camera023567.png,144.0
337,337GoodOs7-S1 Camera024504.png,145.0
333,333GoodOs7-S1 Camera328796.png,146.0
357,357GoodOs7-S1 Camera113755.png,147.0
232,232GoodOs7-S1 Camera147550.png,148.0
77,77GoodOs7-S1 Camera024410.png,149.0
194,194GoodOs7-S1 Camera050899.png,150.0
38,38GoodOs7-S1 Camera149499.png,151.0
70,70GoodOs7-S1 Camera121495.png,152.0
93,93GoodOs7-S1 Camera030050.png,153.0
121,121GoodOs7-S1 Camera023569.png,154.0
83,83GoodOs7-S1 Camera262870.png,155.0
106,106GoodOs7-S1 Camera027629.png,156.0
108,108GoodOs7-S1 Camera027627.png,157.0
313,313GoodOs7-S1 Camera067521.png,158.0
280,280GoodOs7-S1 Camera059642.png,159.0
247,247GoodOs7-S1 Camera003265.png,160.0
347,347GoodOs7-S1 Camera109904.png,161.0
137,137GoodOs7-S1 Camera047972.png,162.0
365,365GoodOs7-S1 Camera025929.png,163.0
366,366GoodOs7-S1 Camera027594.png,164.0
320,320GoodOs7-S1 Camera147029.png,165.0
156,156GoodOs7-S1 Camera048661.png,166.0
236,236GoodOs7-S1 Camera044875.png,167.0
28,28GoodOs7-S1 Camera024032.png,168.0
350,350GoodOs7-S1 Camera130605.png,169.0
13,13GoodOs7-S1 Camera086629.png,170.0
343,343GoodOs7-S1 Camera002910.png,171.0
3,3GoodOs7-S1 Camera048196.png,172.0
19,19GoodOs7-S1 Camera024060.png,173.0
36,36GoodOs7-S1 Camera305083.png,174.0
25,25GoodOs7-S1 Camera149453.png,175.0
35,35GoodOs7-S1 Camera045053.png,176.0
60,60GoodOs7-S1 Camera010810.png,177.0
92,92GoodOs7-S1 Camera024515.png,178.0
139,139GoodOs7-S1 Camera049125.png,179.0
169,169GoodOs7-S1 Camera024282.png,180.0
151,151GoodOs7-S1 Camera051790.png,181.0
195,195GoodOs7-S1 Camera110256.png,182.0
237,237GoodOs7-S1 Camera047678.png,183.0
175,175GoodOs7-S1 Camera016313.png,184.0
221,221GoodOs7-S1 Camera305660.png,185.0
20,20GoodOs7-S1 Camera025902.png,186.0
245,245GoodOs7-S1 Camera048881.png,187.0
340,340GoodOs7-S1 Camera048267.png,188.0
322,322GoodOs7-S1 Camera065593.png,189.0
140,140GoodOs7-S1 Camera024515.png,190.0
364,364GoodOs7-S1 Camera024007.png,191.0
7,7GoodOs7-S1 Camera044906.png,192.0
356,356GoodOs7-S1 Camera050695.png,193.0
355,355GoodOs7-S1 Camera024038.png,194.0
52,52GoodOs7-S1 Camera283820.png,195.0
96,96GoodOs7-S1 Camera047762.png,196.0
115,115GoodOs7-S1 Camera175236.png,197.0
33,33GoodOs7-S1 Camera027259.png,198.0
45,45GoodOs7-S1 Camera306130.png,199.0
89,89GoodOs7-S1 Camera076773.png,200.0
127,127GoodOs7-S1 Camera002677.png,201.0
107,107GoodOs7-S1 Camera114845.png,202.0
164,164GoodOs7-S1 Camera025563.png,203.0
85,85GoodOs7-S1 Camera134830.png,204.0
138,138GoodOs7-S1 Camera044942.png,205.0
56,56GoodOs7-S1 Camera022603.png,206.0
167,167GoodOs7-S1 Camera274990.png,207.0
78,78GoodOs7-S1 Camera050929.png,208.0
64,64GoodOs7-S1 Camera027240.png,209.0
118,118GoodOs7-S1 Camera311682.png,210.0
147,147GoodOs7-S1 Camera080356.png,211.0
205,205GoodOs7-S1 Camera046748.png,212.0
206,206GoodOs7-S1 Camera003166.png,213.0
207,207GoodOs7-S1 Camera353412.png,214.0
208,208GoodOs7-S1 Camera023640.png,215.0
152,152GoodOs7-S1 Camera018678.png,216.0
162,162GoodOs7-S1 Camera024271.png,217.0
132,132GoodOs7-S1 Camera045220.png,218.0
177,177GoodOs7-S1 Camera262746.png,219.0
53,53GoodOs7-S1 Camera023668.png,220.0
34,34GoodOs7-S1 Camera002745.png,221.0
61,61GoodOs7-S1 Camera136580.png,222.0
62,62GoodOs7-S1 Camera287790.png,223.0
165,165GoodOs7-S1 Camera005431.png,224.0
197,197GoodOs7-S1 Camera319888.png,225.0
210,210GoodOs7-S1 Camera003389.png,226.0
233,233GoodOs7-S1 Camera286370.png,227.0
284,284GoodOs7-S1 Camera048577.png,228.0
266,266GoodOs7-S1 Camera044942.png,229.0
316,316GoodOs7-S1 Camera002928.png,230.0
298,298GoodOs7-S1 Camera052235.png,231.0
318,318GoodOs7-S1 Camera023868.png,232.0
335,335GoodOs7-S1 Camera022983.png,233.0
257,257GoodOs7-S1 Camera177670.png,234.0
317,317GoodOs7-S1 Camera049435.png,235.0
235,235GoodOs7-S1 Camera307334.png,236.0
334,334GoodOs7-S1 Camera048615.png,237.0
346,346GoodOs7-S1 Camera066266.png,238.0
242,242GoodOs7-S1 Camera044761.png,239.0
301,301GoodOs7-S1 Camera005758.png,240.0
184,184GoodOs7-S1 Camera286493.png,241.0
277,277GoodOs7-S1 Camera131995.png,242.0
299,299GoodOs7-S1 Camera008004.png,243.0
310,310GoodOs7-S1 Camera129077.png,244.0
349,349GoodOs7-S1 Camera110860.png,245.0
311,311GoodOs7-S1 Camera051312.png,246.0
213,213GoodOs7-S1 Camera093081.png,247.0
239,239GoodOs7-S1 Camera283842.png,248.0
363,363GoodOs7-S1 Camera090254.png,249.0
204,204GoodOs7-S1 Camera294429.png,250.0
119,119GoodOs7-S1 Camera136166.png,251.0
81,81GoodOs7-S1 Camera044570.png,252.0
199,199GoodOs7-S1 Camera002676.png,253.0
74,74GoodOs7-S1 Camera003551.png,254.0
97,97GoodOs7-S1 Camera304984.png,255.0
75,75GoodOs7-S1 Camera046711.png,256.0
58,58GoodOs7-S1 Camera002746.png,257.0
69,69GoodOs7-S1 Camera024648.png,258.0
102,102GoodOs7-S1 Camera023715.png,259.0
86,86GoodOs7-S1 Camera284347.png,260.0
87,87GoodOs7-S1 Camera200114.png,261.0
31,31GoodOs7-S1 Camera025563.png,262.0
29,29GoodOs7-S1 Camera027627.png,263.0
192,192GoodOs7-S1 Camera027629.png,264.0
39,39GoodOs7-S1 Camera286566.png,265.0
67,67GoodOs7-S1 Camera066026.png,266.0
68,68GoodOs7-S1 Camera329316.png,267.0
91,91GoodOs7-S1 Camera010266.png,268.0
43,43GoodOs7-S1 Camera270687.png,269.0
66,66GoodOs7-S1 Camera030978.png,270.0
117,117GoodOs7-S1 Camera051725.png,271.0
145,145GoodOs7-S1 Camera010132.png,272.0
161,161GoodOs7-S1 Camera044641.png,273.0
90,90GoodOs7-S1 Camera065606.png,274.0
21,21GoodOs7-S1 Camera005408.png,275.0
22,22GoodOs7-S1 Camera048990.png,276.0
80,80GoodOs7-S1 Camera023911.png,277.0
224,224GoodOs7-S1 Camera023914.png,278.0
120,120GoodOs7-S1 Camera056009.png,279.0
144,144GoodOs7-S1 Camera047838.png,280.0
136,136GoodOs7-S1 Camera082446.png,281.0
103,103GoodOs7-S1 Camera310985.png,282.0
131,131GoodOs7-S1 Camera171929.png,283.0
109,109GoodOs7-S1 Camera086788.png,284.0
141,141GoodOs7-S1 Camera046711.png,285.0
37,37GoodOs7-S1 Camera027273.png,286.0
159,159GoodOs7-S1 Camera050929.png,287.0
44,44GoodOs7-S1 Camera003182.png,288.0
79,79GoodOs7-S1 Camera284250.png,289.0
72,72GoodOs7-S1 Camera046974.png,290.0
59,59GoodOs7-S1 Camera048955.png,291.0
98,98GoodOs7-S1 Camera048370.png,292.0
14,14GoodOs7-S1 Camera016750.png,293.0
222,222GoodOs7-S1 Camera026664.png,294.0
49,49GoodOs7-S1 Camera026664.png,295.0
12,12GoodOs7-S1 Camera024504.png,296.0
6,6GoodOs7-S1 Camera095158.png,297.0
111,111GoodOs7-S1 Camera024032.png,298.0
166,166GoodOs7-S1 Camera311864.png,299.0
30,30GoodOs7-S1 Camera008336.png,300.0
55,55GoodOs7-S1 Camera353632.png,301.0
40,40GoodOs7-S1 Camera047238.png,302.0
4,4GoodOs7-S1 Camera023675.png,303.0
41,41GoodOs7-S1 Camera049938.png,304.0
47,47GoodOs7-S1 Camera069773.png,305.0
142,142GoodOs7-S1 Camera023732.png,306.0
143,143GoodOs7-S1 Camera312504.png,307.0
54,54GoodOs7-S1 Camera050695.png,308.0
48,48GoodOs7-S1 Camera311837.png,309.0
88,88GoodOs7-S1 Camera338229.png,310.0
133,133GoodOs7-S1 Camera025926.png,311.0
129,129GoodOs7-S1 Camera069952.png,312.0
186,186GoodOs7-S1 Camera045846.png,313.0
171,171GoodOs7-S1 Camera048955.png,314.0
50,50GoodOs7-S1 Camera023577.png,315.0
198,198GoodOs7-S1 Camera090303.png,316.0
282,282GoodOs7-S1 Camera002780.png,317.0
182,182GoodOs7-S1 Camera025559.png,318.0
189,189GoodOs7-S1 Camera024561.png,319.0
249,249GoodOs7-S1 Camera311682.png,320.0
225,225GoodOs7-S1 Camera010481.png,321.0
276,276GoodOs7-S1 Camera052678.png,322.0
358,358GoodOs7-S1 Camera179027.png,323.0
319,319GoodOs7-S1 Camera023668.png,324.0
265,265GoodOs7-S1 Camera047972.png,325.0
238,238GoodOs7-S1 Camera090057.png,326.0
344,344GoodOs7-S1 Camera047656.png,327.0
201,201GoodOs7-S1 Camera010297.png,328.0
253,253GoodOs7-S1 Camera002725.png,329.0
196,196GoodOs7-S1 Camera025883.png,330.0
193,193GoodOs7-S1 Camera334388.png,331.0
285,285GoodOs7-S1 Camera305014.png,332.0
187,187GoodOs7-S1 Camera045626.png,333.0
57,57GoodOs7-S1 Camera024070.png,334.0
116,116GoodOs7-S1 Camera016833.png,335.0
234,234GoodOs7-S1 Camera023921.png,336.0
255,255GoodOs7-S1 Camera018643.png,337.0
292,292GoodOs7-S1 Camera023569.png,338.0
261,261GoodOs7-S1 Camera052877.png,339.0
324,324GoodOs7-S1 Camera024607.png,340.0
18,18GoodOs7-S1 Camera131979.png,341.0
26,26GoodOs7-S1 Camera202554.png,342.0
329,329GoodOs7-S1 Camera023921.png,343.0
27,27GoodOs7-S1 Camera008599.png,344.0
100,100GoodOs7-S1 Camera025559.png,345.0
360,360GoodOs7-S1 Camera024093.png,346.0
361,361GoodOs7-S1 Camera283438.png,347.0
146,146GoodOs7-S1 Camera308108.png,348.0
157,157GoodOs7-S1 Camera050543.png,349.0
241,241GoodOs7-S1 Camera050543.png,350.0
254,254GoodOs7-S1 Camera288884.png,351.0
323,323GoodOs7-S1 Camera025559.png,352.0
302,302GoodOs7-S1 Camera002927.png,353.0
250,250GoodOs7-S1 Camera047382.png,354.0
269,269GoodOs7-S1 Camera135304.png,355.0
223,223GoodOs7-S1 Camera027218.png,356.0
230,230GoodOs7-S1 Camera150323.png,357.0
190,190GoodOs7-S1 Camera004903.png,358.0
289,289GoodOs7-S1 Camera023608.png,359.0
290,290GoodOs7-S1 Camera262870.png,360.0
267,267GoodOs7-S1 Camera002565.png,361.0
203,203GoodOs7-S1 Camera312504.png,362.0
101,101GoodOs7-S1 Camera010570.png,363.0
307,307GoodOs7-S1 Camera024249.png,364.0
271,271GoodOs7-S1 Camera002927.png,365.0
272,272GoodOs7-S1 Camera044523.png,366.0
110,110GoodOs7-S1 Camera003182.png,367.0
